[
{
    "resultado": {
        "criador": "@breno",
        "metadinha_feminina": "https://telegra.ph/file/5225d496f5fab2931fa90.jpg",
        "metadinha_masculina": "https://telegra.ph/file/d433e00a0e9b5158df38d.jpg",
        "anime": "sem resultados"
    }
},
{
    "resultado": {
        "criador": "@breno",
        "metadinha_feminina": "https://telegra.ph/file/8f1f8086d6cceef39ee28.jpg",
        "metadinha_masculina": "https://telegra.ph/file/4eb7abd9fb46d063917d8.jpg",
        "anime": "sem resultados"
    }
},
{
    "resultado": {
        "criador": "@breno",
        "metadinha_feminina": "https://telegra.ph/file/874e71a4c7ccaeb38b0ab.jpg",
        "metadinha_masculina": "https://telegra.ph/file/3b805c00b218e816830c4.jpg",
        "anime": "sem resultados"
    }
},
{
    "resultado": {
        "criador": "@breno",
        "metadinha_feminina": "https://telegra.ph/file/639be56cb9e49dedbd2e1.jpg",
        "metadinha_masculina": "https://telegra.ph/file/57e32908dc188736c06c8.jpg",
        "anime": "sem resultados"
    }
},
{
    "resultado": {
        "criador": "@breno",
        "metadinha_feminina": "https://telegra.ph/file/c603d36870634a938312d.jpg",
        "metadinha_masculina": "https://telegra.ph/file/38d03147ae48d0019d2e8.jpg",
        "anime": "sem resultados"
    }
},
{
    "resultado": {
        "criador": "@breno",
        "metadinha_feminina": "https://telegra.ph/file/e0e0d443fc159efcfbdce.jpg",
        "metadinha_masculina": "https://telegra.ph/file/7d14d1dfc012fbc7ffab5.jpg",
        "anime": "sem resultados"
    }
},
{
    "resultado": {
        "criador": "@breno",
        "metadinha_feminina": "https://telegra.ph/file/86f28e5d61718c84df5be.jpg",
        "metadinha_masculina": "https://telegra.ph/file/e22beb7093f71b5f7b65f.jpg",
        "anime": "sem resultados"
    }
},
{
    "resultado": {
        "criador": "@breno",
        "metadinha_feminina": "https://telegra.ph/file/f432e5207a95ceaae2442.jpg",
        "metadinha_masculina": "https://telegra.ph/file/bad4883aeac1b9dfea9bf.jpg",
        "anime": "sem resultados"
    }
},
{
    "resultado": {
        "criador": "@breno",
        "metadinha_feminina": "https://telegra.ph/file/0defdbcaf73baa77cf802.jpg",
        "metadinha_masculina": "https://telegra.ph/file/be180337d42647e0f3fbc.jpg",
        "anime": "sem resultados"
    }
},
{
    "resultado": {
        "criador": "@breno",
        "metadinha_feminina": "https://telegra.ph/file/376df6af7e51b00996f5e.jpg",
        "metadinha_masculina": "https://telegra.ph/file/0bcf763c9fafe71e9e070.jpg",
        "anime": "sem resultados"
    }
},
{
    "resultado": {
        "criador": "@breno",
        "metadinha_feminina": "https://telegra.ph/file/273d1811e8943abf6e8a5.jpg",
        "metadinha_masculina": "https://telegra.ph/file/4abfbf2e7bd87c957fb16.jpg",
        "anime": "sem resultados"
    }
},
{
    "resultado": {
        "criador": "@breno",
        "metadinha_feminina": "https://telegra.ph/file/957bf0763d294d9bd9ddc.jpg",
        "metadinha_masculina": "https://telegra.ph/file/d237e96f8b903a2d3eb09.jpg",
        "anime": "sem resultados"
    }
},
{
    "resultado": {
        "criador": "@breno",
        "metadinha_feminina": "https://telegra.ph/file/eb403768de0d9e4cdc397.jpg",
        "metadinha_masculina": "https://telegra.ph/file/8de62e91dc80fa52c44f2.jpg",
        "anime": "sem resultados"
    }
},
{
    "resultado": {
        "criador": "@breno",
        "metadinha_feminina": "https://telegra.ph/file/1693f0a7ecb9f51a2187a.jpg",
        "metadinha_masculina": "https://telegra.ph/file/97b6a68d832278bdb8d6e.jpg",
        "anime": "sem resultados"
    }
},
{
    "resultado": {
        "criador": "@breno",
        "metadinha_feminina": "https://telegra.ph/file/e956f6aaf312324ef3ed9.jpg",
        "metadinha_masculina": "https://telegra.ph/file/02ec2c5b8711fa3ded31e.jpg",
        "anime": "sem resultados"
    }
},
{
    "resultado": {
        "criador": "@breno",
        "metadinha_feminina": "https://telegra.ph/file/efe6ca73581e1b4205eb7.jpg",
        "metadinha_masculina": "https://telegra.ph/file/79661d629bf303cf3e7b8.jpg",
        "anime": "sem resultados"
    }
},
{
    "resultado": {
        "criador": "@breno",
        "metadinha_feminina": "https://telegra.ph/file/fa4689f5bd73281f2f7b6.jpg",
        "metadinha_masculina": "https://telegra.ph/file/a483367d4d484c16fcb25.jpg",
        "anime": "sem resultados"
    }
},
{
    "resultado": {
        "criador": "@breno",
        "metadinha_feminina": "https://telegra.ph/file/47a16b11d27223116c3e0.jpg",
        "metadinha_masculina": "https://telegra.ph/file/ca721d12902804b4e4f82.jpg",
        "anime": "sem resultados"
    }
},
{
    "resultado": {
        "criador": "@breno",
        "metadinha_feminina": "https://telegra.ph/file/3cd2c5c1c7fc91e48de3d.jpg",
        "metadinha_masculina": "https://telegra.ph/file/4cdf5d1f2b89844cab48f.jpg",
        "anime": "sem resultados"
    }
},
{
    "resultado": {
        "criador": "@breno",
        "metadinha_feminina": "https://telegra.ph/file/79fbe2b35bf68c75ee91c.jpg",
        "metadinha_masculina": "https://telegra.ph/file/0563bebda7865f9dbb9bf.jpg",
        "anime": "sem resultados"
    }
},
{
    "resultado": {
        "criador": "@breno",
        "metadinha_feminina": "https://telegra.ph/file/28dac55a7124b91d3269a.jpg",
        "metadinha_masculina": "https://telegra.ph/file/2ad4ea1b9513400633983.jpg",
        "anime": "sem resultados"
    }
},
{
    "resultado": {
        "criador": "@breno",
        "metadinha_feminina": "https://telegra.ph/file/6d96b643b8dd7959ba079.jpg",
        "metadinha_masculina": "https://telegra.ph/file/3d796565ae561f4dd740e.jpg",
        "anime": "sem resultados"
    }
},
{
    "resultado": {
        "criador": "@breno",
        "metadinha_feminina": "https://telegra.ph/file/82caa0beeaf9b15a905e9.jpg",
        "metadinha_masculina": "https://telegra.ph/file/d3e9ffa300bcecb36540f.jpg",
        "anime": "sem resultados"
    }
},
{
    "resultado": {
        "criador": "@breno",
        "metadinha_feminina": "https://telegra.ph/file/0170817931b639bd97b1d.jpg",
        "metadinha_masculina": "https://telegra.ph/file/b32d1b5dcca2c10dee1bd.jpg",
        "anime": "sem resultados"
    }
},
{
    "resultado": {
        "criador": "@breno",
        "metadinha_feminina": "https://telegra.ph/file/9f1f956904fabd721fab8.jpg",
        "metadinha_masculina": "https://telegra.ph/file/bc1442dff601ad89a6f49.jpg",
        "anime": "sem resultados"
    }
},
{
    "resultado": {
        "criador": "@breno",
        "metadinha_feminina": "https://telegra.ph/file/2d64145f5dff0e1eb3e1e.jpg",
        "metadinha_masculina": "https://telegra.ph/file/cd386855455a2985d475b.jpg",
        "anime": "sem resultados"
    }
}
]
